{
 "w": [
  0.7220043951743519,
  1.4245974676182596,
  0.19515936993539693,
  1.176172137650475,
  0.3789747512694892,
  -1.2998117233744377,
  0.10383401397971609,
  -0.3761285943596435,
  -0.909954700603229,
  -2.5557077873408565
 ],
 "b": -2.2211563947862816,
 "mu": [
  1.441706969446738,
  0.9546212799339376,
  40.42439075144514,
  0.4453317010734932,
  0.013623377374071008,
  0.07444985962014869,
  0.2742294219653179,
  0.634423633360859,
  0.9244435672997526,
  3.7021151362510327
 ],
 "sd": [
  1.462990853619176,
  0.120473011250324,
  27.767902588344672,
  0.19323542190901935,
  0.037972105071310394,
  0.13064631524572157,
  1.1391415139183916,
  1.8059923418879245,
  0.1643334069897315,
  4.773966016256204
 ],
 "feats": [
  "prom",
  "gfit",
  "fwhm_m",
  "sym",
  "convex",
  "rough",
  "slrm15",
  "slrm45",
  "mono",
  "relief_m"
 ],
 "cvauc": 0.8961253583943931,
 "thr_rec100": 1.251003879347335e-05,
 "thr_rec95": 0.07666469223749554
}