{
 "feats": [
  "zlog",
  "scale",
  "mahal",
  "amplog",
  "cf",
  "closed",
  "cnnlogit",
  "domeness",
  "aniso",
  "dome3",
  "dome10",
  "ring_comp",
  "ring_unif"
 ],
 "mu": [
  1.8600658163265285,
  1.2537414965986284,
  2.5620833333333306,
  0.1943957482993198,
  1.4254336734693869,
  0.8852040816326531,
  2.416077891156465,
  0.004760306122448985,
  0.012830544217687069,
  0.005855144557823132,
  0.0037389030612244843,
  0.9379602891156463,
  0.48051649659863926
 ],
 "sd": [
  0.27421989938593344,
  0.35633663454880754,
  2.6221908512544423,
  0.22889594002400762,
  0.8097462118303367,
  0.3187754938723267,
  1.7433166729536733,
  0.0031525718754849305,
  0.010978333170095684,
  0.004209023002903049,
  0.0023556952057020232,
  0.1591916101359357,
  0.3156072580653178
 ],
 "w": [
  0.016770764948205456,
  -0.594683968418797,
  -0.10062754352117029,
  0.2522367570145126,
  0.11363424785746534,
  1.8241903485632625,
  0.14279416032031206,
  -1.05034920918591,
  -1.4606267015831724,
  1.6695853677441106,
  0.333043002368392,
  -1.0750143657463418,
  0.007247555039448495,
  -1.1831592716730064
 ],
 "note": "filtru FP v6 = v3 + dome3+dome10+ring_comp+ring_unif; fit 18.07.2026 pe verdictele complete (n=1176); OOF AUC 0.941; transfer recuperare 0.760 vs v3 0.681; prag echivalent-pierdere 0.67",
 "oof_auc": 0.941
}