{
 "feats": [
  "zlog",
  "scale",
  "mahal",
  "amplog",
  "cf",
  "closed",
  "cnnlogit",
  "domeness",
  "aniso"
 ],
 "mu": [
  1.8697466130884006,
  1.2477611940298572,
  2.3788978185993104,
  0.19903340987370846,
  1.4405396096440872,
  0.912743972445465,
  2.715094489093002,
  0.005012629161882896,
  0.012232824339839271
 ],
 "sd": [
  0.2648702730961788,
  0.35018960638904495,
  2.467688074671479,
  0.21949314548734183,
  0.7930590444423627,
  0.282209874401903,
  1.6102791681483724,
  0.003174497669333744,
  0.010114976667670235
 ],
 "w": [
  -0.5803162877547546,
  -0.42071870263411776,
  0.12099987461901951,
  0.4780785398762617,
  0.07904127390837558,
  1.3471847910405492,
  -0.04149275885996698,
  -0.9549961182594375,
  -2.556844090052704,
  2.3793268724365424
 ],
 "note": "filtru FP v3 = 7 semnale + domeness(dome6) + aniso(liniaritate), fit primele 900 verificate",
 "oof_auc": 0.939
}