{
 "combine": "noisy_or",
 "channels": [
  {
   "features": [
    "cnnlogit"
   ],
   "mu": [
    -1.4406642265806977
   ],
   "sd": [
    1.9828864527753318
   ],
   "w": [
    1.8621992667264358
   ],
   "b": -2.698298965188334
  },
  {
   "features": [
    "zlog",
    "scale",
    "mahal",
    "amp",
    "cf",
    "closed",
    "asym",
    "border"
   ],
   "mu": [
    1.5538489584271387,
    1.3280440935418625,
    4.761245179063361,
    1.1538842975206614,
    0.8680716253443527,
    0.5537190082644629,
    0.5438110192837465,
    4.524143250688705
   ],
   "sd": [
    0.3000759486487632,
    0.35093151647708615,
    6.463527297778112,
    1.0645926598666018,
    0.9578034599330894,
    0.4971058932916551,
    0.41834150027579076,
    1.7577401672008908
   ],
   "w": [
    1.6071487396532798,
    -0.9040505901214476,
    -0.8303681298655802,
    -0.5807911715749454,
    -0.5930139008482274,
    -3.7013808594458095,
    -3.598423500159805,
    -1.1181363822890238
   ],
   "b": -3.3095145889547544
  }
 ],
 "auroc_cv": 0.9200749186625378,
 "n_pos": 263,
 "n_neg": 1552,
 "provenance": "v4 = v3 cu canal-ochi pe logit(cnn) (Platt); fit identic v3, zero etaloane"
}